id,etapa,atividade,responsavel,inicio,fim
1,2,Levantamento bibliográfico de trabalhos correlatos,Todos,01/09,12/09
2,2,Escrita do referencial teórico,Vinícius,08/09,18/09
3,2,Checkpoint da Etapa 2 com o professor,Todos,14/09,14/09
4,2,Desenho e discussão do pipeline da solução,Enzo,10/09,20/09
5,2,Elaboração do cronograma detalhado,Daniel,15/09,22/09
6,2,Revisão do notebook e publicação no GitHub,Enzo,23/09,28/09
7,3,Script de coleta automática da base da ANEEL,Enzo,29/09,03/10
8,3,Limpeza e filtro da fonte solar fotovoltaica,Daniel,01/10,08/10
9,3,Checkpoint da Etapa 3 com o professor,Todos,05/10,05/10
10,3,Construção das séries mensais do Brasil e das UFs,Daniel,06/10,11/10
11,3,Conferência dos agregados com o painel da EPE,Vinícius,09/10,13/10
12,3,Análise gráfica da série nacional e por UF,Vinícius,12/10,18/10
13,3,"ACF, PACF, testes de estacionariedade e decomposição STL",Enzo,12/10,19/10
14,3,Tratamento das quebras (Lei 14.300 e migração do SISGD),Daniel,16/10,20/10
15,3,Modelos de referência e primeiro modelo base (ETS),Enzo,19/10,23/10
16,3,Atualização do pipeline e do cronograma e entrega da Etapa 3,Todos,23/10,26/10
17,4,Modelo SARIMAX com variável da Lei 14.300,Daniel,27/10,04/11
18,4,Modelo Prophet com pontos de mudança,Vinícius,27/10,04/11
19,4,Modelo LightGBM global para as UFs,Enzo,29/10,07/11
20,4,Checkpoint da Etapa 4 com o professor,Todos,09/11,09/11
21,4,Validação com origem móvel e comparação dos modelos,Todos,09/11,15/11
22,4,Previsões finais do Brasil e das UFs com intervalos,Enzo,14/11,18/11
23,4,"Resultados, discussão e conclusão no notebook",Daniel e Vinícius,16/11,22/11
24,4,Slides e gravação do vídeo de apresentação,Todos,20/11,26/11
25,4,"Revisão final, README e teste de execução do zero no Colab",Enzo,24/11,29/11
26,4,Entrega final do projeto,Todos,30/11,30/11
